Block,Cage,Day,Treatment,Wingless,Winged,Aphids,Mummies,ProportionParasitized
2,3,1,P,51,0,51,16,0.31372549
2,5,1,P,58,0,58,14,0.24137931
2,7,1,P_LBO,47,0,47,11,0.234042553
2,8,1,P_LBO,45,0,45,15,0.333333333
2,9,1,P_LBO,34,0,34,11,0.323529412
2,10,1,P_LBO,25,0,25,10,0.4
2,12,1,P_LBL,48,0,48,20,0.416666667
2,14,1,P_LBL,40,0,40,19,0.475
1,11,1,P,31,0,31,6,0.193548387
1,13,1,P_LBO,22,0,22,2,0.090909091
1,14,1,P_LBO,47,0,47,14,0.29787234
1,15,1,P_LBL,6,0,6,1,0.166666667
